{
    "channel": {
        "active": true, 
        "adult": false, 
        "category": [
            "movie", 
            "serie"
        ], 
        "changes": "Reparado por cmos: Cambios en la web.", 
        "date": "02/02/2016", 
        "fanart": "", 
        "id": "pordede", 
        "include_in_global_search": false, 
        "language": "es", 
        "name": "Pordede", 
        "thumbnail": "", 
        "update_url": "", 
        "version": "8.0"
    }, 
    "settings": {}
}