<?xml version="1.0" encoding="UTF-8" standalone="yes"?>
<addon id="script.module.mctools" name="common tools mc" version="1.3.6" provider-name="mancuniancol">
  <requires>
    <import addon="xbmc.python" version="2.1.0" />
    <import addon="script.module.beautifulsoup4" optional="false"/>
    <import addon="script.module.html5lib" optional="false"/>
    <import addon="script.module.requests" optional="false"/>
    <import addon="script.module.feedparser" optional="false"/>
    <import addon="script.module.xbmcswift2" optional="false"/>
    <import addon="script.module.simplejson" optional="false"/>
    <import addon="script.module.metahandler" optional="false"/>
    <import addon="script.module.httplib2" optional="false"/>
  </requires>
  <extension point="xbmc.python.module" library="lib" />
  <extension point="xbmc.addon.metadata">
    <platform>all</platform>
    <summary lang="en">Collection of common tools for addons</summary>
    <description lang="en">Collection of tools from different authors.  All the credit should be given to them</description>
    <disclaimer lang="en"></disclaimer>
    <language></language>
    <platform>all</platform>
    <license>GNU GENERAL PUBLIC LICENSE. Version 2, June 1991</license>
    <forum>http://forums.tvaddons.ag/addon-releases/37973-torrent-rss-kickass-yts-torrentz-viewers-3.html#post314231</forum>
    <website>https://github.com/mancuniancol/script.module.mctools</website>
    <email></email>
    <source></source>  
  </extension>
</addon>
