<addon id="repository.pulsar" name="Pulsar Repository" version="0.7.1" provider-name="steeve, i96751414"><requires></requires><extension point="xbmc.addon.repository" name="Pulsar Repository"><info compressed="false">http://localhost:65251/repository/i96751414/plugin.video.pulsar/addons.xml</info><checksum>http://localhost:65251/repository/i96751414/plugin.video.pulsar/addons.xml.md5</checksum><datadir zip="true">http://localhost:65251/repository/i96751414/</datadir></extension><extension point="xbmc.addon.metadata"><platform>all</platform><summary lang="en">Virtual repository for Pulsar Updates</summary></extension></addon>